Group,Mean,Std,Median,Variance,Skewness,Min,Max,Group size,Outliers
4KB,19.4087703125,16.560300971602448,8.0998,274.24356827005704,0.3574779829284716,2.4147,61.3082,64,3
16KB,129.70053283582087,129.32073466028515,62.4386,16723.852413075878,1.5085932669770006,3.3751,515.843,67,0
64KB,277.0851461538461,35.73681247707325,267.9562,1277.1197660214984,1.3867222708195983,226.6926,377.6102,39,28
256KB,373.1113745762712,111.78072518302655,365.1212,12494.930522443305,0.9023054299038755,230.8232,708.2187,59,8
1MB,1025.1083859374999,236.52931271882485,991.13225,55946.11577523965,0.7021117998208858,675.3184,1679.8354,64,4
4MB,2979.4813999999997,517.4850497224501,2903.7602500000003,267790.7766862467,0.597957942038368,2165.56,4112.9412,64,4
16MB,8463.23325,1585.6452352879844,8544.8146,2514270.8121914878,-0.13899471178745315,5822.6906,10991.225,30,0
