Group,Mean,Std,Median,Variance,Skewness,Min,Max,Group size,Outliers
4KB,37.36114590163935,28.418663696331524,52.8802,807.6204462851913,-0.16226229247724594,1.982,81.7154,61,5
16KB,196.93133384615385,137.5923999337732,129.3975,18931.668519535397,1.0584144874630952,3.5263,581.1955,65,1
64KB,306.1298156862745,89.10550104716177,312.4436,7939.790316865748,0.10568789217482635,128.3753,511.8117,51,15
256KB,444.81688437500003,165.43365565284435,432.562,27368.294422663883,0.15717698218612866,5.575,824.6234,64,2
1MB,1206.355309375,285.3797578376217,1102.34265,81441.6061834596,0.6735312815638983,849.965,1889.6182,64,3
4MB,3533.7933938461533,575.8712080073196,3474.2302,331627.6482118096,0.24425546754934283,2510.0165,4811.6658,65,2
16MB,8652.869186206897,1268.1516637857346,8631.6501,1608208.6423625269,0.350477938487823,6457.4771,11319.4102,29,0
