Group,Mean,Std,Median,Variance,Skewness,Min,Max,Group size
4KB,174.06053125,81.58466090985256,173.75735,6656.056895775624,0.26987660558993565,54.3888,321.666,16
16KB,146.31758125000002,98.79431453128073,118.68629999999999,9760.316583705628,1.2015361990987128,34.4732,388.8224,16
64KB,102.02579374999999,46.26561260996434,94.95035,2140.5069101752915,0.9379107876573392,48.5332,196.0872,16
256KB,159.102525,110.30309169427362,125.53290000000001,12166.772037315333,1.9004473070027608,64.8331,484.7686,16
1MB,464.13501875,294.52653713027445,379.799,86745.88107395095,1.6661612132035442,187.4977,1296.7103,16
4MB,1269.1845071428572,691.8207954276704,945.4071,478616.01298617455,0.8790052328703376,570.6759,2811.8016,14
16MB,3558.6953533333335,1785.2171325758004,2308.6833,3187000.210442163,0.613858642058407,1846.2439,6796.9095,15
