Group,Mean,Std,Median,Variance,Skewness,Min,Max,Group size
4KB,125.64479846153846,99.50650752204993,106.7829,9901.545039235778,1.1266775985029613,1.1867,375.9458,65
16KB,355.3855538461538,147.02681569448168,356.6861,21616.884533259083,0.35077320617814517,6.2122,731.9264,65
64KB,506.3574246153847,212.53472056348156,455.0592,45171.007444997194,0.7955449983606517,6.1449,1034.4646,65
256KB,701.0970123076922,249.36335879004614,659.0433,62182.08470705328,0.5224469854063911,10.0538,1484.604,65
1MB,1752.6434784615385,452.67078821581924,1718.433,204910.84250393108,-0.5018814967769805,16.359,2673.5356,65
4MB,4703.528186363636,964.7286095762319,4606.76655,930701.2901348895,-1.050065519727658,39.5417,7884.5766,66
16MB,12671.97414,2876.2966853102116,11706.0801,8273082.621926512,0.79696355730813,8623.2759,18851.8521,25
