Group,Mean,Std,Median,Variance,Skewness,Min,Max,Group size
4KB,1472.5920444444446,1880.308869614619,273.7874,3535561.4451514063,1.4489740076475115,147.5599,5407.6436,18
16KB,1441.23315625,1647.3684214320322,950.81945,2713822.7159314654,1.2838016675086048,147.4583,4955.4295,16
64KB,1551.7832375,1459.5460464054865,1521.86455,2130274.6615778864,0.7661834109642389,202.8578,4266.7602,16
256KB,1468.970294736842,1490.3782206706378,380.4543,2221227.2406493765,1.0266880489033923,243.82,4535.8408,19
1MB,2006.2684222222222,1288.3574340477737,2058.5460000000003,1659864.8778661638,0.22058993618434605,333.8098,4797.458,18
4MB,2936.06061,3384.146761024288,2218.96165,11452449.300151179,2.593674014462058,410.5575,14949.5801,20
16MB,2818.5879333333332,1369.9945685255107,2949.5652,1876885.1177894003,0.4891383307148268,1209.3717,5696.6691,18
