Group,Mean,Std,Median,Variance,Skewness,Min,Max,Group size,Outliers
4KB,1457.3713,1860.1101299469296,245.61,3460009.6955311834,1.3290659369704478,182.1671,5784.9753,13,0
16KB,163.02473571428573,14.337133749361756,160.80239999999998,205.55340414708792,-0.22540869612863687,138.9627,183.6799,14,1
64KB,237.5933,20.458221653856743,241.1087,418.538833238333,-0.03717133716668543,209.089,268.8735,13,2
256KB,303.8306071428571,28.61671878864533,311.5375,818.9165942284067,-0.9692253320263525,247.7637,336.7926,14,1
1MB,353.95610714285704,39.69936811505392,363.3338,1576.0398287345602,-1.2210375348988218,254.402,409.1396,14,1
4MB,479.9428933333334,50.8232333913686,482.1084,2583.0010523535243,0.0933769949315877,396.8832,569.8301,15,0
16MB,1370.149015384615,66.91103725070134,1376.3942,4477.086905964742,-0.36821202833282524,1235.2541,1473.2376,13,2
