Group,Mean,Std,Median,Variance,Skewness,Min,Max,Group size
4KB,1824.619484375,1943.139197654868,766.12925,3775789.941462804,0.7203960844609364,140.4202,5819.6734,32
16KB,2013.8006733333334,2755.6393782228174,177.60070000000002,7593548.382812235,1.4346722823288478,132.2378,10072.6853,30
64KB,2127.238687096774,1755.8280871956001,1802.8102,3082932.27178496,0.2723959196978921,182.064,5185.5928,31
256KB,1575.2030258064513,1634.0770898270448,1216.7881,2670207.935497624,1.0417802514317835,160.7176,5293.0916,31
1MB,1900.8872645161293,1572.1574743816864,1626.6569,2471679.124254203,0.47299933886740037,239.4206,5071.6448,31
4MB,2466.881321212121,3859.2105251078888,1419.8049,14893505.877103508,3.927607992927015,392.016,21345.4043,33
16MB,2987.795674193549,1867.6108203306353,2827.3533,3487970.1762160687,0.8146805113003214,1066.7403,7446.7617,31
